<metadata xml:lang="cs"><Esri><CreaDate>20220828</CreaDate><CreaTime>20224700</CreaTime><ArcGISFormat>1.0</ArcGISFormat><SyncOnce>FALSE</SyncOnce><DataProperties><itemProps><itemName Sync="TRUE">cern_efs_revid</itemName><imsContentType Sync="TRUE">002</imsContentType><itemSize Sync="TRUE">0.000</itemSize><itemLocation><linkage Sync="TRUE">file://\\58-VITEK-PC1\C$\temp\cern_efs_revid.shp</linkage><protocol Sync="TRUE">Local Area Network</protocol></itemLocation></itemProps><coordRef><type Sync="TRUE">Projected</type><geogcsn Sync="TRUE">GCS_S_JTSK</geogcsn><csUnits Sync="TRUE">Linear Unit: Meter (1.000000)</csUnits><projcsn Sync="TRUE">S-JTSK_Krovak_East_North</projcsn><peXml Sync="TRUE">&lt;ProjectedCoordinateSystem xsi:type='typens:ProjectedCoordinateSystem' xmlns:xsi='http://www.w3.org/2001/XMLSchema-instance' xmlns:xs='http://www.w3.org/2001/XMLSchema' xmlns:typens='http://www.esri.com/schemas/ArcGIS/3.3.0'&gt;&lt;WKT&gt;PROJCS[&amp;quot;S-JTSK_Krovak_East_North&amp;quot;,GEOGCS[&amp;quot;GCS_S_JTSK&amp;quot;,DATUM[&amp;quot;D_S_JTSK&amp;quot;,SPHEROID[&amp;quot;Bessel_1841&amp;quot;,6377397.155,299.1528128]],PRIMEM[&amp;quot;Greenwich&amp;quot;,0.0],UNIT[&amp;quot;Degree&amp;quot;,0.0174532925199433]],PROJECTION[&amp;quot;Krovak&amp;quot;],PARAMETER[&amp;quot;False_Easting&amp;quot;,0.0],PARAMETER[&amp;quot;False_Northing&amp;quot;,0.0],PARAMETER[&amp;quot;Pseudo_Standard_Parallel_1&amp;quot;,78.5],PARAMETER[&amp;quot;Scale_Factor&amp;quot;,0.9999],PARAMETER[&amp;quot;Azimuth&amp;quot;,30.28813975277778],PARAMETER[&amp;quot;Longitude_Of_Center&amp;quot;,24.83333333333333],PARAMETER[&amp;quot;Latitude_Of_Center&amp;quot;,49.5],PARAMETER[&amp;quot;X_Scale&amp;quot;,-1.0],PARAMETER[&amp;quot;Y_Scale&amp;quot;,1.0],PARAMETER[&amp;quot;XY_Plane_Rotation&amp;quot;,90.0],UNIT[&amp;quot;Meter&amp;quot;,1.0],AUTHORITY[&amp;quot;EPSG&amp;quot;,5514]]&lt;/WKT&gt;&lt;XOrigin&gt;-33699800&lt;/XOrigin&gt;&lt;YOrigin&gt;-33699800&lt;/YOrigin&gt;&lt;XYScale&gt;133638764.24698351&lt;/XYScale&gt;&lt;ZOrigin&gt;-100000&lt;/ZOrigin&gt;&lt;ZScale&gt;10000&lt;/ZScale&gt;&lt;MOrigin&gt;-100000&lt;/MOrigin&gt;&lt;MScale&gt;10000&lt;/MScale&gt;&lt;XYTolerance&gt;0.001&lt;/XYTolerance&gt;&lt;ZTolerance&gt;0.001&lt;/ZTolerance&gt;&lt;MTolerance&gt;0.001&lt;/MTolerance&gt;&lt;HighPrecision&gt;true&lt;/HighPrecision&gt;&lt;WKID&gt;102067&lt;/WKID&gt;&lt;LatestWKID&gt;5514&lt;/LatestWKID&gt;&lt;/ProjectedCoordinateSystem&gt;</peXml></coordRef><lineage><Process ToolSource="c:\program files (x86)\arcgis\desktop10.7\ArcToolbox\Toolboxes\Analysis Tools.tbx\Union" Date="20220427" Time="145038">Union "Černovice_DKV_05_21_posunuto #;Cernovice_2022_FIN #" D:\Data\Černovice\Černovice_vp_kj_union.shp ALL # GAPS</Process><Process ToolSource="c:\program files\arcgis\pro\Resources\ArcToolbox\toolboxes\Analysis Tools.tbx\Update" Date="20220509" Time="123138">Update Černovice_vp_kj_union2 "Černovice_vp_kj_union_bezder_Single výběr L" C:\Users\sterbova.l\Downloads\Černovice_Renca2022\Černovice_vp_kj_union2.shp BORDERS #</Process><Process ToolSource="c:\program files\arcgis\pro\Resources\ArcToolbox\toolboxes\Data Management Tools.tbx\MultipartToSinglepart" Date="20220509" Time="123315">MultipartToSinglepart Černovice_vp_kj_union2 C:\Users\sterbova.l\Downloads\Černovice_Renca2022\Černovice_vp_kj_union2_Single.shp</Process><Process ToolSource="c:\program files\arcgis\pro\Resources\ArcToolbox\toolboxes\Analysis Tools.tbx\Union" Date="20220509" Time="123501">Union "Černovice_vp_kj_union2_Single #;'Černovice_zájmové území_dissolve' #" C:\Users\sterbova.l\Downloads\Černovice_Renca2022\Černovice_vp_kj_union2_SingleBezder.shp "All attributes" # NO_GAPS</Process><Process ToolSource="c:\program files\arcgis\pro\Resources\ArcToolbox\toolboxes\Data Management Tools.tbx\DeleteField" Date="20220509" Time="125338">DeleteField Černovice_vp_kj_union2_SingleBezder ORIG_FID "Smazat pole"</Process><Process ToolSource="c:\program files\arcgis\pro\Resources\ArcToolbox\toolboxes\Data Management Tools.tbx\DeleteField" Date="20220509" Time="125343">DeleteField Černovice_vp_kj_union2_SingleBezder FID_Čer_2 "Smazat pole"</Process><Process ToolSource="c:\program files\arcgis\pro\Resources\ArcToolbox\toolboxes\Data Management Tools.tbx\DeleteField" Date="20220509" Time="125349">DeleteField Černovice_vp_kj_union2_SingleBezder FID_Čer_3 "Smazat pole"</Process><Process ToolSource="c:\program files\arcgis\pro\Resources\ArcToolbox\toolboxes\Data Management Tools.tbx\MultipartToSinglepart" Date="20220509" Time="130506">MultipartToSinglepart Černovice_vp_kj_union2_SingleBezder C:\Users\sterbova.l\Downloads\Černovice_Renca2022\Černovice_vp_kj_union2_Single_Bezder.shp</Process><Process ToolSource="c:\program files\arcgis\pro\Resources\ArcToolbox\Toolboxes\Data Management Tools.tbx\DeleteField" Date="20220509" Time="131020">DeleteField Černovice_vp_kj_union2_Single_Bezder ORIG_FID "Smazat pole"</Process><Process ToolSource="c:\program files\arcgis\pro\Resources\ArcToolbox\toolboxes\Data Management Tools.tbx\RepairGeometry" Date="20220509" Time="131138">RepairGeometry Černovice_vp_kj_union2_Single_Bezder DELETE_NULL Esri</Process><Process ToolSource="c:\program files\arcgis\pro\Resources\ArcToolbox\toolboxes\Analysis Tools.tbx\Update" Date="20220509" Time="133857">Update Černovice_vp_kj_union2_Single_Bezder Černovice_vp_kj_union_bezder_Single_CLIPoverlaps C:\Users\sterbova.l\Downloads\Černovice_Renca2022\Černovice_vp_kj_union2_Single_Bezder_bezPrekryvu.shp BORDERS #</Process><Process ToolSource="c:\program files\arcgis\pro\Resources\ArcToolbox\toolboxes\Data Management Tools.tbx\UpdateSchema" Date="20220509" Time="134239">UpdateSchema "CIMDATA=&lt;CIMStandardDataConnection xsi:type='typens:CIMStandardDataConnection' xmlns:xsi='http://www.w3.org/2001/XMLSchema-instance' xmlns:xs='http://www.w3.org/2001/XMLSchema' xmlns:typens='http://www.esri.com/schemas/ArcGIS/2.9.0'&gt;&lt;WorkspaceConnectionString&gt;DATABASE=C:\Users\sterbova.l\Downloads\Černovice_Renca2022&lt;/WorkspaceConnectionString&gt;&lt;WorkspaceFactory&gt;Shapefile&lt;/WorkspaceFactory&gt;&lt;Dataset&gt;Černovice_vp_kj_union2_Single_Bezder_bezPrekryvu&lt;/Dataset&gt;&lt;DatasetType&gt;esriDTFeatureClass&lt;/DatasetType&gt;&lt;/CIMStandardDataConnection&gt;" &lt;operationSequence&gt;&lt;workflow&gt;&lt;AddField&gt;&lt;field_name&gt;AREA&lt;/field_name&gt;&lt;field_type&gt;DOUBLE&lt;/field_type&gt;&lt;field_is_nullable&gt;False&lt;/field_is_nullable&gt;&lt;field_is_required&gt;False&lt;/field_is_required&gt;&lt;/AddField&gt;&lt;/workflow&gt;&lt;/operationSequence&gt;</Process><Process ToolSource="c:\program files\arcgis\pro\Resources\ArcToolbox\toolboxes\Data Management Tools.tbx\CalculateGeometryAttributes" Date="20220509" Time="140219">CalculateGeometryAttributes Černovice_vp_kj_union2_Single_Bezder_bezPrekryvu "AREA AREA" # "Square meters" # "Stejný jako vstup"</Process><Process ToolSource="c:\program files\arcgis\pro\Resources\ArcToolbox\toolboxes\Data Management Tools.tbx\Eliminate" Date="20220509" Time="140621">Eliminate Černovice_vp_kj_union2_Single_Bezder_bezPrekryvu D:\GIS\Černovice\Černovice_mapovani2021-22\Černovice_vp_kj_union2_Single_Bezder_bezPrekryvu_nad5m2.shp LENGTH # #</Process><Process ToolSource="c:\program files\arcgis\pro\Resources\ArcToolbox\toolboxes\Data Management Tools.tbx\UpdateSchema" Date="20220509" Time="141506">UpdateSchema "CIMDATA=&lt;CIMStandardDataConnection xsi:type='typens:CIMStandardDataConnection' xmlns:xsi='http://www.w3.org/2001/XMLSchema-instance' xmlns:xs='http://www.w3.org/2001/XMLSchema' xmlns:typens='http://www.esri.com/schemas/ArcGIS/2.9.0'&gt;&lt;WorkspaceConnectionString&gt;DATABASE=D:\GIS\Černovice\Černovice_mapovani2021-22&lt;/WorkspaceConnectionString&gt;&lt;WorkspaceFactory&gt;Shapefile&lt;/WorkspaceFactory&gt;&lt;Dataset&gt;Černovice_vp_kj_union2_Single_Bezder_bezPrekryvu_nad5m2&lt;/Dataset&gt;&lt;DatasetType&gt;esriDTFeatureClass&lt;/DatasetType&gt;&lt;/CIMStandardDataConnection&gt;" &lt;operationSequence&gt;&lt;workflow&gt;&lt;AddField&gt;&lt;field_name&gt;R_L_H&lt;/field_name&gt;&lt;field_type&gt;TEXT&lt;/field_type&gt;&lt;field_length&gt;10&lt;/field_length&gt;&lt;field_is_nullable&gt;False&lt;/field_is_nullable&gt;&lt;field_is_required&gt;False&lt;/field_is_required&gt;&lt;/AddField&gt;&lt;/workflow&gt;&lt;/operationSequence&gt;</Process><Process ToolSource="c:\program files\arcgis\pro\Resources\ArcToolbox\toolboxes\Data Management Tools.tbx\CalculateField" Date="20220509" Time="141812">CalculateField Černovice_vp_kj_union2_Single_Bezder_bezPrekryvu_nad5m2 R_L_H "R" "Python 3" # Text NO_ENFORCE_DOMAINS</Process><Process ToolSource="c:\program files\arcgis\pro\Resources\ArcToolbox\toolboxes\Data Management Tools.tbx\CalculateField" Date="20220509" Time="145038">CalculateField Černovice_vp_kj_union2_Single_Bezder_bezPrekryvu_nad5m2 R_L_H "L" "Python 3" # Text NO_ENFORCE_DOMAINS</Process><Process ToolSource="c:\program files\arcgis\pro\Resources\ArcToolbox\toolboxes\Data Management Tools.tbx\CalculateField" Date="20220509" Time="145700">CalculateField Černovice_vp_kj_union2_Single_Bezder_bezPrekryvu_nad5m2 R_L_H "L" "Python 3" # Text NO_ENFORCE_DOMAINS</Process><Process ToolSource="c:\program files\arcgis\pro\Resources\ArcToolbox\toolboxes\Analysis Tools.tbx\Union" Date="20220509" Time="151117">Union "Černovice_vp_kj_union2_Single_Bezder_bezPrekryvu_nad5m2 #;'buildingsOSM_JTSK_84_1_OK_Cernovice výběr' #" D:\GIS\Černovice\Černovice_mapovani2021-22\Černovice_vp_kj_union2_Single_Bezder_bezPrekryvu_nad5m2_budovyJih.shp "All attributes" # NO_GAPS</Process><Process ToolSource="c:\program files\arcgis\pro\Resources\ArcToolbox\toolboxes\Data Management Tools.tbx\CalculateField" Date="20220509" Time="151840">CalculateField Černovice_vp_kj_union2_Single_Bezder_bezPrekryvu_nad5m2_budovyJih Bio_12 "XX3.1" "Python 3" # Text NO_ENFORCE_DOMAINS</Process><Process ToolSource="c:\program files\arcgis\pro\Resources\ArcToolbox\toolboxes\Data Management Tools.tbx\CalculateField" Date="20220509" Time="151852">CalculateField Černovice_vp_kj_union2_Single_Bezder_bezPrekryvu_nad5m2_budovyJih Poznámka "L" "Python 3" # Text NO_ENFORCE_DOMAINS</Process><Process ToolSource="c:\program files\arcgis\pro\Resources\ArcToolbox\toolboxes\Data Management Tools.tbx\CalculateField" Date="20220509" Time="151906">CalculateField Černovice_vp_kj_union2_Single_Bezder_bezPrekryvu_nad5m2_budovyJih R_L_H "L" "Python 3" # Text NO_ENFORCE_DOMAINS</Process><Process ToolSource="c:\program files\arcgis\pro\Resources\ArcToolbox\toolboxes\Data Management Tools.tbx\CalculateField" Date="20220509" Time="151932">CalculateField Černovice_vp_kj_union2_Single_Bezder_bezPrekryvu_nad5m2_budovyJih Proc_12 100 "Python 3" # Text NO_ENFORCE_DOMAINS</Process><Process ToolSource="c:\program files\arcgis\pro\Resources\ArcToolbox\toolboxes\Data Management Tools.tbx\CalculateField" Date="20220509" Time="152040">CalculateField Černovice_vp_kj_union2_Single_Bezder_bezPrekryvu_nad5m2_budovyJih Bio_1 "" "Python 3" # Text NO_ENFORCE_DOMAINS</Process><Process ToolSource="c:\program files\arcgis\pro\Resources\ArcToolbox\toolboxes\Data Management Tools.tbx\CalculateField" Date="20220509" Time="152412">CalculateField Černovice_vp_kj_union2_Single_Bezder_bezPrekryvu_nad5m2_budovyJih R_L_H "" "Python 3" # Text NO_ENFORCE_DOMAINS</Process><Process ToolSource="c:\program files\arcgis\pro\Resources\ArcToolbox\toolboxes\Data Management Tools.tbx\DeleteField" Date="20220509" Time="152456">DeleteField Černovice_vp_kj_union2_Single_Bezder_bezPrekryvu_nad5m2_budovyJih FID_buildi "Smazat pole"</Process><Process ToolSource="c:\program files\arcgis\pro\Resources\ArcToolbox\toolboxes\Data Management Tools.tbx\DeleteField" Date="20220509" Time="152500">DeleteField Černovice_vp_kj_union2_Single_Bezder_bezPrekryvu_nad5m2_budovyJih fclass "Smazat pole"</Process><Process ToolSource="c:\program files\arcgis\pro\Resources\ArcToolbox\toolboxes\Data Management Tools.tbx\DeleteField" Date="20220509" Time="152522">DeleteField Černovice_vp_kj_union2_Single_Bezder_bezPrekryvu_nad5m2_budovyJih FID_Čer_2 "Smazat pole"</Process><Process ToolSource="c:\program files\arcgis\pro\Resources\ArcToolbox\toolboxes\Data Management Tools.tbx\CalculateGeometryAttributes" Date="20220509" Time="154412">CalculateGeometryAttributes Černovice_vp_kj_union2_Single_Bezder_bezPrekryvu_nad5m2_budovyJih "AREA AREA" # "Square meters" # "Stejný jako vstup"</Process><Process ToolSource="c:\program files (x86)\arcgis\desktop10.7\ArcToolbox\Toolboxes\Data Management Tools.tbx\CalculateField" Date="20220513" Time="175003">CalculateField Černovice_vp_kj_union2_Single_Bezder_bezPrekryvu_nad5m2_budovyJih Poznámka "" VB #</Process><Process ToolSource="c:\program files (x86)\arcgis\desktop10.7\ArcToolbox\Toolboxes\Data Management Tools.tbx\CalculateField" Date="20220513" Time="175248">CalculateField Černovice_vp_kj_union2_Single_Bezder_bezPrekryvu_nad5m2_budovyJih Poznámka "OK" VB #</Process><Process ToolSource="c:\program files (x86)\arcgis\desktop10.7\ArcToolbox\Toolboxes\Data Management Tools.tbx\CalculateField" Date="20220513" Time="175403">CalculateField Černovice_vp_kj_union2_Single_Bezder_bezPrekryvu_nad5m2_budovyJih Control [Poznámka] VB #</Process><Process ToolSource="c:\program files (x86)\arcgis\desktop10.7\ArcToolbox\Toolboxes\Data Management Tools.tbx\CalculateField" Date="20220513" Time="175733">CalculateField Černovice_vp_kj_union2_Single_Bezder_bezPrekryvu_nad5m2_budovyJih Control "q" VB #</Process><Process ToolSource="c:\program files (x86)\arcgis\desktop10.7\ArcToolbox\Toolboxes\Data Management Tools.tbx\CalculateField" Date="20220513" Time="181533">CalculateField Černovice_vp_kj_union2_Single_Bezder_bezPrekryvu_nad5m2_budovyJih Control "O" VB #</Process><Process ToolSource="c:\program files (x86)\arcgis\desktop10.7\ArcToolbox\Toolboxes\Data Management Tools.tbx\CalculateField" Date="20220515" Time="000049">CalculateField Černovice_vp_kj_union2_Single_Bezder_bezPrekryvu_nad5m2_budovyJih INT [FID] VB #</Process><Process ToolSource="c:\program files (x86)\arcgis\desktop10.7\ArcToolbox\Toolboxes\Data Management Tools.tbx\CalculateField" Date="20220515" Time="000418">CalculateField Černovice_vp_kj_union2_Single_Bezder_bezPrekryvu_nad5m2_budovyJih INT [Bio_1] VB #</Process><Process ToolSource="c:\program files (x86)\arcgis\desktop10.7\ArcToolbox\Toolboxes\Data Management Tools.tbx\CalculateField" Date="20220515" Time="000450">CalculateField Černovice_vp_kj_union2_Single_Bezder_bezPrekryvu_nad5m2_budovyJih Bio_1 [INT] VB #</Process><Process ToolSource="c:\program files (x86)\arcgis\desktop10.7\ArcToolbox\Toolboxes\Data Management Tools.tbx\CalculateField" Date="20220515" Time="000720">CalculateField Černovice_vp_kj_union2_Single_Bezder_bezPrekryvu_nad5m2_budovyJih Bio_2 [FID] VB #</Process><Process ToolSource="c:\program files (x86)\arcgis\desktop10.7\ArcToolbox\Toolboxes\Data Management Tools.tbx\CalculateField" Date="20220515" Time="000753">CalculateField Černovice_vp_kj_union2_Single_Bezder_bezPrekryvu_nad5m2_budovyJih Bio_3 [FID] VB #</Process><Process ToolSource="c:\program files (x86)\arcgis\desktop10.7\ArcToolbox\Toolboxes\Analysis Tools.tbx\Erase" Date="20220829" Time="003125">Erase Černovice_uplne_v_haji Č_BVM_H2_Honza_Lenka2022_1diss D:\Data\Černovice\C_29_8_22\C_erase.shp #</Process><Process ToolSource="c:\program files (x86)\arcgis\desktop10.7\ArcToolbox\Toolboxes\Analysis Tools.tbx\Union" Date="20220829" Time="003417">Union "C_erase #;Č_BVM_H2_Honza_Lenka2022_1diss #" D:\Data\Černovice\C_29_8_22\C_erase_H2_H_L_union.shp ALL # GAPS</Process><Process ToolSource="c:\program files (x86)\arcgis\desktop10.7\ArcToolbox\Toolboxes\Data Management Tools.tbx\CalculateField" Date="20220829" Time="004246">CalculateField C_erase_H2_H_L_union Bio_12 [Bio_12_13] VB #</Process><Process ToolSource="c:\program files (x86)\arcgis\desktop10.7\ArcToolbox\Toolboxes\Data Management Tools.tbx\CalculateField" Date="20220829" Time="004324">CalculateField C_erase_H2_H_L_union Bio_23 [Bio_23_24] VB #</Process><Process ToolSource="c:\program files (x86)\arcgis\desktop10.7\ArcToolbox\Toolboxes\Data Management Tools.tbx\CalculateField" Date="20220829" Time="004350">CalculateField C_erase_H2_H_L_union Bio_34 [Bio_34_35] VB #</Process><Process ToolSource="c:\program files (x86)\arcgis\desktop10.7\ArcToolbox\Toolboxes\Data Management Tools.tbx\CalculateField" Date="20220829" Time="004408">CalculateField C_erase_H2_H_L_union Proc_12 [Proc_12_13] VB #</Process><Process ToolSource="c:\program files (x86)\arcgis\desktop10.7\ArcToolbox\Toolboxes\Data Management Tools.tbx\CalculateField" Date="20220829" Time="004430">CalculateField C_erase_H2_H_L_union Proc_23 [Proc_23_24] VB #</Process><Process ToolSource="c:\program files (x86)\arcgis\desktop10.7\ArcToolbox\Toolboxes\Data Management Tools.tbx\CalculateField" Date="20220829" Time="004445">CalculateField C_erase_H2_H_L_union Proc_34 [Proc_34_35] VB #</Process><Process ToolSource="c:\program files (x86)\arcgis\desktop10.7\ArcToolbox\Toolboxes\Data Management Tools.tbx\CalculateField" Date="20220829" Time="004506">CalculateField C_erase_H2_H_L_union Poznámka [POZ] VB #</Process><Process ToolSource="c:\program files (x86)\arcgis\desktop10.7\ArcToolbox\Toolboxes\Data Management Tools.tbx\Dissolve" Date="20220829" Time="012547">Dissolve C_erase_H2_H_L_union D:\Data\Černovice\C_29_8_22\C_erase_H2_H_L_union_diss.shp Bio_12;Bio_23;Bio_34;Proc_12;Proc_23;Proc_34 # SINGLE_PART DISSOLVE_LINES</Process><Process ToolSource="c:\program files (x86)\arcgis\desktop10.7\ArcToolbox\Toolboxes\Data Management Tools.tbx\CalculateField" Date="20220829" Time="191412">CalculateField C_erase_H2_H_L_union_diss C "[Proc_12] + [Proc_23] + [Proc_34]" VB #</Process><Process ToolSource="c:\program files (x86)\arcgis\desktop10.7\ArcToolbox\Toolboxes\Data Management Tools.tbx\Dissolve" Date="20220829" Time="192720">Dissolve C_erase_H2_H_L_union_diss D:\Data\Černovice\C_29_8_22\Černovice_H2_H_L_uni_diss.shp Bio_12;Bio_23;Bio_34;Proc_12;Proc_23;Proc_34;RB;DG;RB_2;DG_2;RB_3;DG_3;REPRE;ZACH;REPRE_2;ZACH_2 # SINGLE_PART DISSOLVE_LINES</Process><Process ToolSource="c:\program files\arcgis\pro\Resources\ArcToolbox\Toolboxes\Data Management Tools.tbx\UpdateSchema" Date="20220830" Time="105801">UpdateSchema "CIMDATA=&lt;CIMStandardDataConnection xsi:type='typens:CIMStandardDataConnection' xmlns:xsi='http://www.w3.org/2001/XMLSchema-instance' xmlns:xs='http://www.w3.org/2001/XMLSchema' xmlns:typens='http://www.esri.com/schemas/ArcGIS/2.9.0'&gt;&lt;WorkspaceConnectionString&gt;DATABASE=C:\Users\sterbova.l\Downloads\C_29_8_22&lt;/WorkspaceConnectionString&gt;&lt;WorkspaceFactory&gt;Shapefile&lt;/WorkspaceFactory&gt;&lt;Dataset&gt;Černovice_H2_H_L_uni_diss.shp&lt;/Dataset&gt;&lt;DatasetType&gt;esriDTFeatureClass&lt;/DatasetType&gt;&lt;/CIMStandardDataConnection&gt;" &lt;operationSequence&gt;&lt;workflow&gt;&lt;AddField&gt;&lt;field_name&gt;area&lt;/field_name&gt;&lt;field_type&gt;DOUBLE&lt;/field_type&gt;&lt;field_is_nullable&gt;False&lt;/field_is_nullable&gt;&lt;field_is_required&gt;False&lt;/field_is_required&gt;&lt;/AddField&gt;&lt;/workflow&gt;&lt;/operationSequence&gt;</Process><Process ToolSource="c:\program files\arcgis\pro\Resources\ArcToolbox\toolboxes\Data Management Tools.tbx\CalculateGeometryAttributes" Date="20220830" Time="105843">CalculateGeometryAttributes Černovice_H2_H_L_uni_diss "area AREA" # "Square meters" PROJCS["S-JTSK_Krovak_East_North",GEOGCS["GCS_S_JTSK",DATUM["D_S_JTSK",SPHEROID["Bessel_1841",6377397.155,299.1528128]],PRIMEM["Greenwich",0.0],UNIT["Degree",0.0174532925199433]],PROJECTION["Krovak"],PARAMETER["False_Easting",0.0],PARAMETER["False_Northing",0.0],PARAMETER["Pseudo_Standard_Parallel_1",78.5],PARAMETER["Scale_Factor",0.9999],PARAMETER["Azimuth",30.28813975277778],PARAMETER["Longitude_Of_Center",24.83333333333333],PARAMETER["Latitude_Of_Center",49.5],PARAMETER["X_Scale",-1.0],PARAMETER["Y_Scale",1.0],PARAMETER["XY_Plane_Rotation",90.0],UNIT["Meter",1.0]] "Stejný jako vstup"</Process><Process ToolSource="c:\program files\arcgis\pro\Resources\ArcToolbox\toolboxes\Data Management Tools.tbx\CalculateGeometryAttributes" Date="20220830" Time="144539">CalculateGeometryAttributes Černovice_H2_H_L_uni_diss "area AREA" # # # "Stejný jako vstup"</Process><Process ToolSource="c:\program files\arcgis\pro\Resources\ArcToolbox\toolboxes\Analysis Tools.tbx\Union" Date="20220906" Time="144026">Union "Černovice_H2_H_L_uni_diss #;Černovice_mapovani2022_30srpen_XL1DLTvyberSingle #" D:\GIS\Černovice\Černovice_zájmové_území\Černovice_mapovani2022_6zari2022_prac1.shp "All attributes" # NO_GAPS</Process><Process ToolSource="c:\program files\arcgis\pro\Resources\ArcToolbox\toolboxes\Data Management Tools.tbx\CalculateField" Date="20220907" Time="004322">CalculateField Černovice_mapovani2022_6zari2022_prac1 Bio_12 "XL1_J" "Python 3" # Text NO_ENFORCE_DOMAINS</Process><Process ToolSource="c:\program files\arcgis\pro\Resources\ArcToolbox\toolboxes\Data Management Tools.tbx\CalculateField" Date="20220907" Time="004352">CalculateField Černovice_mapovani2022_6zari2022_prac1 Bio_12 "XL1_L" "Python 3" # Text NO_ENFORCE_DOMAINS</Process><Process ToolSource="c:\program files\arcgis\pro\Resources\ArcToolbox\toolboxes\Data Management Tools.tbx\CalculateField" Date="20220907" Time="004456">CalculateField Černovice_mapovani2022_6zari2022_prac1 Bio_12 "XL2" "Python 3" # Text NO_ENFORCE_DOMAINS</Process><Process ToolSource="c:\program files\arcgis\pro\Resources\ArcToolbox\toolboxes\Data Management Tools.tbx\CalculateField" Date="20220907" Time="004520">CalculateField Černovice_mapovani2022_6zari2022_prac1 Bio_12 "XL1_S" "Python 3" # Text NO_ENFORCE_DOMAINS</Process><Process ToolSource="c:\program files\arcgis\pro\Resources\ArcToolbox\toolboxes\Data Management Tools.tbx\CalculateField" Date="20220907" Time="004548">CalculateField Černovice_mapovani2022_6zari2022_prac1 Bio_12 "XL2_ZK" "Python 3" # Text NO_ENFORCE_DOMAINS</Process><Process ToolSource="c:\program files\arcgis\pro\Resources\ArcToolbox\toolboxes\Data Management Tools.tbx\CalculateField" Date="20220907" Time="005251">CalculateField Černovice_mapovani2022_6zari2022_prac1 Bio_12 "XL1_J" "Python 3" # Text NO_ENFORCE_DOMAINS</Process><Process ToolSource="c:\program files\arcgis\pro\Resources\ArcToolbox\toolboxes\Data Management Tools.tbx\CalculateField" Date="20220907" Time="005332">CalculateField Černovice_mapovani2022_6zari2022_prac1 Bio_12 "XL1_L" "Python 3" # Text NO_ENFORCE_DOMAINS</Process><Process ToolSource="c:\program files\arcgis\pro\Resources\ArcToolbox\toolboxes\Data Management Tools.tbx\Dissolve" Date="20220907" Time="011501">Dissolve Černovice_mapovani2022_6zari2022_prac1 D:\GIS\Černovice\Černovice_zájmové_území\Černovice_mapovani2022_6zari2022_prac2.shp Bio_12;Bio_23;Bio_34;Proc_12;Proc_23;Proc_34;RB;DG;RB_2;DG_2;RB_3;DG_3 # SINGLE_PART DISSOLVE_LINES</Process><Process ToolSource="c:\program files\arcgis\pro\Resources\ArcToolbox\toolboxes\Data Management Tools.tbx\UpdateSchema" Date="20220907" Time="012202">UpdateSchema "CIMDATA=&lt;CIMStandardDataConnection xsi:type='typens:CIMStandardDataConnection' xmlns:xsi='http://www.w3.org/2001/XMLSchema-instance' xmlns:xs='http://www.w3.org/2001/XMLSchema' xmlns:typens='http://www.esri.com/schemas/ArcGIS/2.9.0'&gt;&lt;WorkspaceConnectionString&gt;DATABASE=D:\GIS\Černovice\Černovice_zájmové_území&lt;/WorkspaceConnectionString&gt;&lt;WorkspaceFactory&gt;Shapefile&lt;/WorkspaceFactory&gt;&lt;Dataset&gt;Černovice_mapovani2022_6zari2022_prac2&lt;/Dataset&gt;&lt;DatasetType&gt;esriDTFeatureClass&lt;/DatasetType&gt;&lt;/CIMStandardDataConnection&gt;" &lt;operationSequence&gt;&lt;workflow&gt;&lt;AddField&gt;&lt;field_name&gt;area&lt;/field_name&gt;&lt;field_type&gt;DOUBLE&lt;/field_type&gt;&lt;field_is_nullable&gt;False&lt;/field_is_nullable&gt;&lt;field_is_required&gt;False&lt;/field_is_required&gt;&lt;/AddField&gt;&lt;/workflow&gt;&lt;/operationSequence&gt;</Process><Process ToolSource="c:\program files\arcgis\pro\Resources\ArcToolbox\toolboxes\Data Management Tools.tbx\CalculateGeometryAttributes" Date="20220907" Time="012243">CalculateGeometryAttributes Černovice_mapovani2022_6zari2022_prac2 "area AREA" # "Square meters" # "Stejný jako vstup"</Process><Process ToolSource="c:\program files\arcgis\pro\Resources\ArcToolbox\toolboxes\Data Management Tools.tbx\CalculateGeometryAttributes" Date="20220907" Time="094009">CalculateGeometryAttributes Černovice_mapovani2022_6zari2022_prac2 "area AREA" # "Square meters" # "Stejný jako vstup"</Process><Process ToolSource="c:\program files\arcgis\pro\Resources\ArcToolbox\toolboxes\Data Management Tools.tbx\Eliminate" Date="20220907" Time="094524">Eliminate Černovice_mapovani2022_6zari2022_prac2 D:\GIS\Černovice\Černovice_zájmové_území\Černovice_mapovani2022_6zari2022_prac3.shp LENGTH # #</Process><Process ToolSource="c:\program files\arcgis\pro\Resources\ArcToolbox\toolboxes\Data Management Tools.tbx\RepairGeometry" Date="20220907" Time="094728">RepairGeometry Černovice_mapovani2022_6zari2022_prac3 DELETE_NULL Esri</Process><Process ToolSource="c:\program files\arcgis\pro\Resources\ArcToolbox\toolboxes\Analysis Tools.tbx\Union" Date="20220907" Time="095138">Union "Černovice_mapovani2022_6zari2022_prac3 #;Černovice_mapovani2022_6zari2022_prac3_overlaps #" D:\GIS\Černovice\Černovice_zájmové_území\Černovice_mapovani2022_6zari2022_prac4.shp "All attributes" # NO_GAPS</Process><Process ToolSource="c:\program files\arcgis\pro\Resources\ArcToolbox\toolboxes\Data Management Tools.tbx\Dissolve" Date="20220907" Time="100723">Dissolve Černovice_mapovani2022_6zari2022_prac4 D:\GIS\Černovice\Černovice_zájmové_území\Černovice_mapovani2022_6zari2022_LS.shp Bio_12;Bio_23;Bio_34;Proc_12;Proc_23;Proc_34;RB;DG;RB_2;DG_2;RB_3;DG_3 # SINGLE_PART DISSOLVE_LINES</Process><Process ToolSource="c:\program files\arcgis\pro\Resources\ArcToolbox\toolboxes\Data Management Tools.tbx\UpdateSchema" Date="20220907" Time="100919">UpdateSchema "CIMDATA=&lt;CIMStandardDataConnection xsi:type='typens:CIMStandardDataConnection' xmlns:xsi='http://www.w3.org/2001/XMLSchema-instance' xmlns:xs='http://www.w3.org/2001/XMLSchema' xmlns:typens='http://www.esri.com/schemas/ArcGIS/2.9.0'&gt;&lt;WorkspaceConnectionString&gt;DATABASE=D:\GIS\Černovice\Černovice_zájmové_území&lt;/WorkspaceConnectionString&gt;&lt;WorkspaceFactory&gt;Shapefile&lt;/WorkspaceFactory&gt;&lt;Dataset&gt;Černovice_mapovani2022_6zari2022_LS&lt;/Dataset&gt;&lt;DatasetType&gt;esriDTFeatureClass&lt;/DatasetType&gt;&lt;/CIMStandardDataConnection&gt;" &lt;operationSequence&gt;&lt;workflow&gt;&lt;AddField&gt;&lt;field_name&gt;AREA&lt;/field_name&gt;&lt;field_type&gt;DOUBLE&lt;/field_type&gt;&lt;field_is_nullable&gt;False&lt;/field_is_nullable&gt;&lt;field_is_required&gt;False&lt;/field_is_required&gt;&lt;/AddField&gt;&lt;/workflow&gt;&lt;/operationSequence&gt;</Process><Process ToolSource="c:\program files\arcgis\pro\Resources\ArcToolbox\toolboxes\Data Management Tools.tbx\CalculateGeometryAttributes" Date="20220907" Time="101015">CalculateGeometryAttributes Černovice_mapovani2022_6zari2022_LS "AREA AREA" # "Square meters" # "Stejný jako vstup"</Process><Process ToolSource="c:\program files (x86)\arcgis\desktop10.7\ArcToolbox\Toolboxes\Data Management Tools.tbx\CalculateField" Date="20220908" Time="211244">CalculateField Černovice_mapovani2022_6zari2022_LS souc "[Proc_12] + [Proc_23] + [Proc_34]" VB #</Process><Process ToolSource="c:\program files (x86)\arcgis\desktop10.7\ArcToolbox\Toolboxes\Data Management Tools.tbx\CalculateField" Date="20220908" Time="211424">CalculateField Černovice_mapovani2022_6zari2022_LS Proc_23 0 VB #</Process><Process ToolSource="c:\program files (x86)\arcgis\desktop10.7\ArcToolbox\Toolboxes\Data Management Tools.tbx\CalculateField" Date="20220908" Time="211517">CalculateField Černovice_mapovani2022_6zari2022_LS Proc_12 100 VB #</Process><Process ToolSource="c:\program files (x86)\arcgis\desktop10.7\ArcToolbox\Toolboxes\Data Management Tools.tbx\CalculateField" Date="20220908" Time="211715">CalculateField Černovice_mapovani2022_6zari2022_LS Proc_12 80 VB #</Process><Process ToolSource="c:\program files (x86)\arcgis\desktop10.7\ArcToolbox\Toolboxes\Data Management Tools.tbx\CalculateField" Date="20220908" Time="211728">CalculateField Černovice_mapovani2022_6zari2022_LS Proc_23 20 VB #</Process><Process ToolSource="c:\program files (x86)\arcgis\desktop10.7\ArcToolbox\Toolboxes\Data Management Tools.tbx\CalculateField" Date="20220908" Time="212118">CalculateField Černovice_mapovani2022_6zari2022_LS Proc_23 0 VB #</Process><Process ToolSource="c:\program files (x86)\arcgis\desktop10.7\ArcToolbox\Toolboxes\Data Management Tools.tbx\CalculateField" Date="20220908" Time="212131">CalculateField Černovice_mapovani2022_6zari2022_LS Proc_12 100 VB #</Process><Process ToolSource="c:\program files (x86)\arcgis\desktop10.7\ArcToolbox\Toolboxes\Data Management Tools.tbx\CalculateField" Date="20220908" Time="212151">CalculateField Černovice_mapovani2022_6zari2022_LS Bio_23 "" VB #</Process><Process ToolSource="c:\program files (x86)\arcgis\desktop10.7\ArcToolbox\Toolboxes\Data Management Tools.tbx\CalculateField" Date="20220908" Time="212507">CalculateField Černovice_mapovani2022_6zari2022_LS Bio_23 "" VB #</Process><Process ToolSource="c:\program files (x86)\arcgis\desktop10.7\ArcToolbox\Toolboxes\Data Management Tools.tbx\CalculateField" Date="20220908" Time="212527">CalculateField Černovice_mapovani2022_6zari2022_LS Proc_12 100 VB #</Process><Process ToolSource="c:\program files (x86)\arcgis\desktop10.7\ArcToolbox\Toolboxes\Data Management Tools.tbx\CalculateField" Date="20220908" Time="212538">CalculateField Černovice_mapovani2022_6zari2022_LS Proc_23 0 VB #</Process><Process ToolSource="c:\program files (x86)\arcgis\desktop10.7\ArcToolbox\Toolboxes\Data Management Tools.tbx\CalculateField" Date="20220908" Time="212625">CalculateField Černovice_mapovani2022_6zari2022_LS Bio_23 "" VB #</Process><Process ToolSource="c:\program files (x86)\arcgis\desktop10.7\ArcToolbox\Toolboxes\Data Management Tools.tbx\CalculateField" Date="20220908" Time="212736">CalculateField Černovice_mapovani2022_6zari2022_LS Proc_12 100 VB #</Process><Process ToolSource="c:\program files (x86)\arcgis\desktop10.7\ArcToolbox\Toolboxes\Data Management Tools.tbx\CalculateField" Date="20220908" Time="212757">CalculateField Černovice_mapovani2022_6zari2022_LS Proc_23 0 VB #</Process><Process ToolSource="c:\program files (x86)\arcgis\desktop10.7\ArcToolbox\Toolboxes\Data Management Tools.tbx\CalculateField" Date="20220908" Time="212916">CalculateField Černovice_mapovani2022_6zari2022_LS RB "" VB #</Process><Process ToolSource="c:\program files (x86)\arcgis\desktop10.7\ArcToolbox\Toolboxes\Data Management Tools.tbx\CalculateField" Date="20220908" Time="212926">CalculateField Černovice_mapovani2022_6zari2022_LS DG "" VB #</Process><Process ToolSource="c:\program files (x86)\arcgis\desktop10.7\ArcToolbox\Toolboxes\Data Management Tools.tbx\CalculateField" Date="20220908" Time="212951">CalculateField Černovice_mapovani2022_6zari2022_LS Bio_23 "" VB #</Process><Process ToolSource="c:\program files (x86)\arcgis\desktop10.7\ArcToolbox\Toolboxes\Data Management Tools.tbx\CalculateField" Date="20220908" Time="213032">CalculateField Černovice_mapovani2022_6zari2022_LS Bio_23 "" VB #</Process><Process ToolSource="c:\program files (x86)\arcgis\desktop10.7\ArcToolbox\Toolboxes\Data Management Tools.tbx\CalculateField" Date="20220908" Time="213054">CalculateField Černovice_mapovani2022_6zari2022_LS Bio_12 "X5.2" VB #</Process><Process ToolSource="c:\program files (x86)\arcgis\desktop10.7\ArcToolbox\Toolboxes\Data Management Tools.tbx\CalculateField" Date="20220908" Time="213108">CalculateField Černovice_mapovani2022_6zari2022_LS Proc_12 100 VB #</Process><Process ToolSource="c:\program files (x86)\arcgis\desktop10.7\ArcToolbox\Toolboxes\Data Management Tools.tbx\CalculateField" Date="20220908" Time="213120">CalculateField Černovice_mapovani2022_6zari2022_LS Proc_23 0 VB #</Process><Process ToolSource="c:\program files (x86)\arcgis\desktop10.7\ArcToolbox\Toolboxes\Data Management Tools.tbx\Dissolve" Date="20220908" Time="223543">Dissolve Černovice_mapovani2022_6zari2022_LS D:\Data\Černovice\C_9_9_2022\Černovice_mapovani2022_6zari2022_LS_rv.shp Bio_12;Bio_23;Bio_34;Proc_12;Proc_23;Proc_34;RB;DG;RB_2;DG_2;RB_3;DG_3 # SINGLE_PART DISSOLVE_LINES</Process><Process ToolSource="c:\program files\arcgis\pro\Resources\ArcToolbox\toolboxes\Conversion Tools.tbx\ExportFeatures" Date="20241014" Time="124526">ExportFeatures Černovice_mapovani2022_6zari2022_LS_rv C:\temp\esai_det\Default.gdb\cernovice_fce1 # NOT_USE_ALIAS "Bio_12 "Bio_12" true true false 20 Text 0 0,First,#,Černovice_mapovani2022_6zari2022_LS_rv,Černovice_mapovani2022_6zari2022_LS_rv.Bio_12,0,19;Bio_23 "Bio_23" true true false 20 Text 0 0,First,#,Černovice_mapovani2022_6zari2022_LS_rv,Černovice_mapovani2022_6zari2022_LS_rv.Bio_23,0,19;Bio_34 "Bio_34" true true false 20 Text 0 0,First,#,Černovice_mapovani2022_6zari2022_LS_rv,Černovice_mapovani2022_6zari2022_LS_rv.Bio_34,0,19;Proc_12 "Proc_12" true true false 19 Double 0 0,First,#,Černovice_mapovani2022_6zari2022_LS_rv,Černovice_mapovani2022_6zari2022_LS_rv.Proc_12,-1,-1;Proc_23 "Proc_23" true true false 19 Double 0 0,First,#,Černovice_mapovani2022_6zari2022_LS_rv,Černovice_mapovani2022_6zari2022_LS_rv.Proc_23,-1,-1;Proc_34 "Proc_34" true true false 19 Double 0 0,First,#,Černovice_mapovani2022_6zari2022_LS_rv,Černovice_mapovani2022_6zari2022_LS_rv.Proc_34,-1,-1;Area "Area" true true false 19 Double 0 0,First,#,Černovice_mapovani2022_6zari2022_LS_rv,Černovice_mapovani2022_6zari2022_LS_rv.Area,-1,-1;EVAP_V "EVAP_V" true true false 3 Short 0 0,First,#,Černovice_mapovani2022_6zari2022_LS_rv,cernovi4.EVAP_V,-1,-1;EVAP_K "EVAP_K" true true false 1 Short 0 0,First,#,Černovice_mapovani2022_6zari2022_LS_rv,cernovi4.EVAP_K,-1,-1;C_ABOVE "C_ABOVE" true true false 6 Long 0 0,First,#,Černovice_mapovani2022_6zari2022_LS_rv,cernovi4.C_ABOVE,-1,-1;C_BELOW "C_BELOW" true true false 5 Long 0 0,First,#,Černovice_mapovani2022_6zari2022_LS_rv,cernovi4.C_BELOW,-1,-1;C_DEAD "C_DEAD" true true false 5 Long 0 0,First,#,Černovice_mapovani2022_6zari2022_LS_rv,cernovi4.C_DEAD,-1,-1;C_TOTAL "C_TOTAL" true true false 6 Long 0 0,First,#,Černovice_mapovani2022_6zari2022_LS_rv,cernovi4.C_TOTAL,-1,-1;CTOT_KAT "CTOT_KAT" true true false 1 Short 0 0,First,#,Černovice_mapovani2022_6zari2022_LS_rv,cernovi4.CTOT_KAT,-1,-1;HB "HB" true true false 2 Short 0 0,First,#,Černovice_mapovani2022_6zari2022_LS_rv,cernovi4.HB,-1,-1;HB_KAT "HB_KAT" true true false 1 Short 0 0,First,#,Černovice_mapovani2022_6zari2022_LS_rv,cernovi4.HB_KAT,-1,-1;DD "DD" true true false 1 Short 0 0,First,#,Černovice_mapovani2022_6zari2022_LS_rv,cernovi4.DD,-1,-1;PRIRODNOST "PRIRODNOST" true true false 1 Short 0 0,First,#,Černovice_mapovani2022_6zari2022_LS_rv,cernovi4.PRIRODNOST,-1,-1" #</Process><Process ToolSource="c:\program files\arcgis\pro\Resources\ArcToolbox\toolboxes\Conversion Tools.tbx\ExportFeatures" Date="20241014" Time="125010">ExportFeatures cernovice_fce1 C:\temp\esai_det\Default.gdb\cernovice_fce2 # NOT_USE_ALIAS "Bio_12 "Bio_12" true true false 20 Text 0 0,First,#,cernovice_fce1,cernovice_fce1.Bio_12,0,19;Bio_23 "Bio_23" true true false 20 Text 0 0,First,#,cernovice_fce1,cernovice_fce1.Bio_23,0,19;Bio_34 "Bio_34" true true false 20 Text 0 0,First,#,cernovice_fce1,cernovice_fce1.Bio_34,0,19;Proc_12 "Proc_12" true true false 8 Double 0 0,First,#,cernovice_fce1,cernovice_fce1.Proc_12,-1,-1;Proc_23 "Proc_23" true true false 8 Double 0 0,First,#,cernovice_fce1,cernovice_fce1.Proc_23,-1,-1;Proc_34 "Proc_34" true true false 8 Double 0 0,First,#,cernovice_fce1,cernovice_fce1.Proc_34,-1,-1;Area "Area" true true false 8 Double 0 0,First,#,cernovice_fce1,cernovice_fce1.Area,-1,-1;EVAP_V "EVAP_V" true true false 2 Short 0 0,First,#,cernovice_fce1,cernovice_fce1.EVAP_V,-1,-1;EVAP_K "EVAP_K" true true false 2 Short 0 0,First,#,cernovice_fce1,cernovice_fce1.EVAP_K,-1,-1;C_ABOVE "C_ABOVE" true true false 4 Long 0 0,First,#,cernovice_fce1,cernovice_fce1.C_ABOVE,-1,-1;C_BELOW "C_BELOW" true true false 4 Long 0 0,First,#,cernovice_fce1,cernovice_fce1.C_BELOW,-1,-1;C_DEAD "C_DEAD" true true false 4 Long 0 0,First,#,cernovice_fce1,cernovice_fce1.C_DEAD,-1,-1;C_TOTAL "C_TOTAL" true true false 4 Long 0 0,First,#,cernovice_fce1,cernovice_fce1.C_TOTAL,-1,-1;CTOT_KAT "CTOT_KAT" true true false 2 Short 0 0,First,#,cernovice_fce1,cernovice_fce1.CTOT_KAT,-1,-1;HB "HB" true true false 2 Short 0 0,First,#,cernovice_fce1,cernovice_fce1.HB,-1,-1;HB_KAT "HB_KAT" true true false 2 Short 0 0,First,#,cernovice_fce1,cernovice_fce1.HB_KAT,-1,-1;DD "DD" true true false 2 Short 0 0,First,#,cernovice_fce1,cernovice_fce1.DD,-1,-1;PRIRODNOST "PRIRODNOST" true true false 2 Short 0 0,First,#,cernovice_fce1,cernovice_fce1.PRIRODNOST,-1,-1;Shape_Length "Shape_Length" false true true 8 Double 0 0,First,#,cernovice_fce1,cernovice_fce1.Shape_Length,-1,-1;Shape_Area "Shape_Area" false true true 8 Double 0 0,First,#,cernovice_fce1,cernovice_fce1.Shape_Area,-1,-1;OID "OID" false true false 4 Long 0 9,First,#,cernovice_fce1,cernovi4.OID,-1,-1;BIOTOP "BIOTOP" true true false 6 Text 0 0,First,#,cernovice_fce1,cernovi4.BIOTOP,0,5;EVAP_V "EVAP_V" true true false 3 Short 0 3,First,#,cernovice_fce1,cernovi4.EVAP_V,-1,-1;EVAP_K "EVAP_K" true true false 1 Short 0 1,First,#,cernovice_fce1,cernovi4.EVAP_K,-1,-1;C_ABOVE "C_ABOVE" true true false 6 Long 0 6,First,#,cernovice_fce1,cernovi4.C_ABOVE,-1,-1;C_BELOW "C_BELOW" true true false 5 Long 0 5,First,#,cernovice_fce1,cernovi4.C_BELOW,-1,-1;C_DEAD "C_DEAD" true true false 5 Long 0 5,First,#,cernovice_fce1,cernovi4.C_DEAD,-1,-1;C_TOTAL "C_TOTAL" true true false 6 Long 0 6,First,#,cernovice_fce1,cernovi4.C_TOTAL,-1,-1;CTOT_KAT "CTOT_KAT" true true false 1 Short 0 1,First,#,cernovice_fce1,cernovi4.CTOT_KAT,-1,-1;HB "HB" true true false 2 Short 0 2,First,#,cernovice_fce1,cernovi4.HB,-1,-1;HB_KAT "HB_KAT" true true false 1 Short 0 1,First,#,cernovice_fce1,cernovi4.HB_KAT,-1,-1;DD "DD" true true false 1 Short 0 1,First,#,cernovice_fce1,cernovi4.DD,-1,-1;PRIRODNOST "PRIRODNOST" true true false 1 Short 0 1,First,#,cernovice_fce1,cernovi4.PRIRODNOST,-1,-1" #</Process><Process ToolSource="c:\program files\arcgis\pro\Resources\ArcToolbox\toolboxes\Conversion Tools.tbx\ExportFeatures" Date="20241014" Time="125615">ExportFeatures cernovice_fce2 C:\temp\esai_det\Default.gdb\cernovice_fce3 # NOT_USE_ALIAS "Bio_12 "Bio_12" true true false 20 Text 0 0,First,#,cernovice_fce2,cernovice_fce2.Bio_12,0,19;Bio_23 "Bio_23" true true false 20 Text 0 0,First,#,cernovice_fce2,cernovice_fce2.Bio_23,0,19;Bio_34 "Bio_34" true true false 20 Text 0 0,First,#,cernovice_fce2,cernovice_fce2.Bio_34,0,19;Proc_12 "Proc_12" true true false 8 Double 0 0,First,#,cernovice_fce2,cernovice_fce2.Proc_12,-1,-1;Proc_23 "Proc_23" true true false 8 Double 0 0,First,#,cernovice_fce2,cernovice_fce2.Proc_23,-1,-1;Proc_34 "Proc_34" true true false 8 Double 0 0,First,#,cernovice_fce2,cernovice_fce2.Proc_34,-1,-1;Area "Area" true true false 8 Double 0 0,First,#,cernovice_fce2,cernovice_fce2.Area,-1,-1;EVAP_V "EVAP_V" true true false 2 Short 0 0,First,#,cernovice_fce2,cernovice_fce2.EVAP_V,-1,-1;EVAP_K "EVAP_K" true true false 2 Short 0 0,First,#,cernovice_fce2,cernovice_fce2.EVAP_K,-1,-1;C_ABOVE "C_ABOVE" true true false 4 Long 0 0,First,#,cernovice_fce2,cernovice_fce2.C_ABOVE,-1,-1;C_BELOW "C_BELOW" true true false 4 Long 0 0,First,#,cernovice_fce2,cernovice_fce2.C_BELOW,-1,-1;C_DEAD "C_DEAD" true true false 4 Long 0 0,First,#,cernovice_fce2,cernovice_fce2.C_DEAD,-1,-1;C_TOTAL "C_TOTAL" true true false 4 Long 0 0,First,#,cernovice_fce2,cernovice_fce2.C_TOTAL,-1,-1;CTOT_KAT "CTOT_KAT" true true false 2 Short 0 0,First,#,cernovice_fce2,cernovice_fce2.CTOT_KAT,-1,-1;HB "HB" true true false 2 Short 0 0,First,#,cernovice_fce2,cernovice_fce2.HB,-1,-1;HB_KAT "HB_KAT" true true false 2 Short 0 0,First,#,cernovice_fce2,cernovice_fce2.HB_KAT,-1,-1;DD "DD" true true false 2 Short 0 0,First,#,cernovice_fce2,cernovice_fce2.DD,-1,-1;PRIRODNOST "PRIRODNOST" true true false 2 Short 0 0,First,#,cernovice_fce2,cernovice_fce2.PRIRODNOST,-1,-1;OID "OID" true true false 4 Long 0 0,First,#,cernovice_fce2,cernovice_fce2.OID,-1,-1;BIOTOP "BIOTOP" true true false 6 Text 0 0,First,#,cernovice_fce2,cernovice_fce2.BIOTOP,0,5;EVAP_V_1 "EVAP_V" true true false 2 Short 0 0,First,#,cernovice_fce2,cernovice_fce2.EVAP_V_1,-1,-1;EVAP_K_1 "EVAP_K" true true false 2 Short 0 0,First,#,cernovice_fce2,cernovice_fce2.EVAP_K_1,-1,-1;C_ABOVE_1 "C_ABOVE" true true false 4 Long 0 0,First,#,cernovice_fce2,cernovice_fce2.C_ABOVE_1,-1,-1;C_BELOW_1 "C_BELOW" true true false 4 Long 0 0,First,#,cernovice_fce2,cernovice_fce2.C_BELOW_1,-1,-1;C_DEAD_1 "C_DEAD" true true false 4 Long 0 0,First,#,cernovice_fce2,cernovice_fce2.C_DEAD_1,-1,-1;C_TOTAL_1 "C_TOTAL" true true false 4 Long 0 0,First,#,cernovice_fce2,cernovice_fce2.C_TOTAL_1,-1,-1;CTOT_KAT_1 "CTOT_KAT" true true false 2 Short 0 0,First,#,cernovice_fce2,cernovice_fce2.CTOT_KAT_1,-1,-1;HB_1 "HB" true true false 2 Short 0 0,First,#,cernovice_fce2,cernovice_fce2.HB_1,-1,-1;HB_KAT_1 "HB_KAT" true true false 2 Short 0 0,First,#,cernovice_fce2,cernovice_fce2.HB_KAT_1,-1,-1;DD_1 "DD" true true false 2 Short 0 0,First,#,cernovice_fce2,cernovice_fce2.DD_1,-1,-1;PRIRODNOST_1 "PRIRODNOST" true true false 2 Short 0 0,First,#,cernovice_fce2,cernovice_fce2.PRIRODNOST_1,-1,-1;Shape_Length "Shape_Length" false true true 8 Double 0 0,First,#,cernovice_fce2,cernovice_fce2.Shape_Length,-1,-1;Shape_Area "Shape_Area" false true true 8 Double 0 0,First,#,cernovice_fce2,cernovice_fce2.Shape_Area,-1,-1;OID "OID" false true false 4 Long 0 9,First,#,cernovice_fce2,cernovi4.OID,-1,-1;BIOTOP "BIOTOP" true true false 6 Text 0 0,First,#,cernovice_fce2,cernovi4.BIOTOP,0,5;EVAP_V "EVAP_V" true true false 3 Short 0 3,First,#,cernovice_fce2,cernovi4.EVAP_V,-1,-1;EVAP_K "EVAP_K" true true false 1 Short 0 1,First,#,cernovice_fce2,cernovi4.EVAP_K,-1,-1;C_ABOVE "C_ABOVE" true true false 6 Long 0 6,First,#,cernovice_fce2,cernovi4.C_ABOVE,-1,-1;C_BELOW "C_BELOW" true true false 5 Long 0 5,First,#,cernovice_fce2,cernovi4.C_BELOW,-1,-1;C_DEAD "C_DEAD" true true false 5 Long 0 5,First,#,cernovice_fce2,cernovi4.C_DEAD,-1,-1;C_TOTAL "C_TOTAL" true true false 6 Long 0 6,First,#,cernovice_fce2,cernovi4.C_TOTAL,-1,-1;CTOT_KAT "CTOT_KAT" true true false 1 Short 0 1,First,#,cernovice_fce2,cernovi4.CTOT_KAT,-1,-1;HB "HB" true true false 2 Short 0 2,First,#,cernovice_fce2,cernovi4.HB,-1,-1;HB_KAT "HB_KAT" true true false 1 Short 0 1,First,#,cernovice_fce2,cernovi4.HB_KAT,-1,-1;DD "DD" true true false 1 Short 0 1,First,#,cernovice_fce2,cernovi4.DD,-1,-1;PRIRODNOST "PRIRODNOST" true true false 1 Short 0 1,First,#,cernovice_fce2,cernovi4.PRIRODNOST,-1,-1" #</Process><Process ToolSource="c:\program files\arcgis\pro\Resources\ArcToolbox\toolboxes\Data Management Tools.tbx\UpdateSchema" Date="20241014" Time="125742">UpdateSchema "CIMDATA=&lt;CIMStandardDataConnection xsi:type='typens:CIMStandardDataConnection' xmlns:xsi='http://www.w3.org/2001/XMLSchema-instance' xmlns:xs='http://www.w3.org/2001/XMLSchema' xmlns:typens='http://www.esri.com/schemas/ArcGIS/3.3.0'&gt;&lt;WorkspaceConnectionString&gt;DATABASE=C:\temp\esai_det\Default.gdb&lt;/WorkspaceConnectionString&gt;&lt;WorkspaceFactory&gt;FileGDB&lt;/WorkspaceFactory&gt;&lt;Dataset&gt;cernovice_fce3&lt;/Dataset&gt;&lt;DatasetType&gt;esriDTFeatureClass&lt;/DatasetType&gt;&lt;/CIMStandardDataConnection&gt;" &lt;operationSequence&gt;&lt;workflow&gt;&lt;AddField&gt;&lt;field_name&gt;evap_v_M&lt;/field_name&gt;&lt;field_type&gt;DOUBLE&lt;/field_type&gt;&lt;field_is_nullable&gt;True&lt;/field_is_nullable&gt;&lt;field_is_required&gt;False&lt;/field_is_required&gt;&lt;/AddField&gt;&lt;/workflow&gt;&lt;/operationSequence&gt;</Process><Process ToolSource="c:\program files\arcgis\pro\Resources\ArcToolbox\toolboxes\Data Management Tools.tbx\CalculateField" Date="20241014" Time="130420">CalculateField cernovice_fce3 evap_v_M "((!EVAP_V! * !Proc_12!) + (!EVAP_V_1! * !Proc_23!) )/  100" Python # Text NO_ENFORCE_DOMAINS</Process><Process ToolSource="c:\program files\arcgis\pro\Resources\ArcToolbox\toolboxes\Data Management Tools.tbx\CalculateField" Date="20241014" Time="130713">CalculateField cernovice_fce3 evap_v_M "((!EVAP_V! * !Proc_12!) + (!EVAP_V_1! * !Proc_23!) )/  100" Python # Text NO_ENFORCE_DOMAINS</Process><Process ToolSource="c:\program files\arcgis\pro\Resources\ArcToolbox\toolboxes\Data Management Tools.tbx\CalculateField" Date="20241014" Time="131126">CalculateField cernovice_fce3 evap_v_M "((!EVAP_V! * !Proc_12!) + (!EVAP_V_1! * !Proc_23!) + (!EVAP_V_12! * !Proc_34!)) /  100" Python # Text NO_ENFORCE_DOMAINS</Process><Process ToolSource="c:\program files\arcgis\pro\Resources\ArcToolbox\toolboxes\Data Management Tools.tbx\CalculateField" Date="20241014" Time="131131">CalculateField cernovice_fce3 evap_v_M "((!EVAP_V! * !Proc_12!) + (!EVAP_V_1! * !Proc_23!) + (!EVAP_V_12! * !Proc_34!)) /  100" Python # Text NO_ENFORCE_DOMAINS</Process><Process ToolSource="c:\program files\arcgis\pro\Resources\ArcToolbox\toolboxes\Data Management Tools.tbx\CalculateField" Date="20241014" Time="131353">CalculateField cernovice_fce3 evap_v_M !EVAP_V! Python # Text NO_ENFORCE_DOMAINS</Process><Process ToolSource="c:\program files\arcgis\pro\Resources\ArcToolbox\toolboxes\Conversion Tools.tbx\ExportFeatures" Date="20241031" Time="122148">ExportFeatures cernovice_fce3 C:\temp\esai_det\Default.gdb\cernovice_fce_revid # NOT_USE_ALIAS "Bio_12 "Bio_12" true true false 20 Text 0 0,First,#,cernovice_fce3,Bio_12,0,19;Bio_23 "Bio_23" true true false 20 Text 0 0,First,#,cernovice_fce3,Bio_23,0,19;Bio_34 "Bio_34" true true false 20 Text 0 0,First,#,cernovice_fce3,Bio_34,0,19;Proc_12 "Proc_12" true true false 8 Double 0 0,First,#,cernovice_fce3,Proc_12,-1,-1;Proc_23 "Proc_23" true true false 8 Double 0 0,First,#,cernovice_fce3,Proc_23,-1,-1;Proc_34 "Proc_34" true true false 8 Double 0 0,First,#,cernovice_fce3,Proc_34,-1,-1;Shape_Length "Shape_Length" false true true 8 Double 0 0,First,#,cernovice_fce3,Shape_Length,-1,-1;Shape_Area "Shape_Area" false true true 8 Double 0 0,First,#,cernovice_fce3,Shape_Area,-1,-1" #</Process><Process ToolSource="c:\program files\arcgis\pro\Resources\ArcToolbox\toolboxes\Conversion Tools.tbx\ExportFeatures" Date="20241031" Time="122317">ExportFeatures cernovice_fce_revid C:\temp\esai_det\Default.gdb\cernovice_fce_revid_data # NOT_USE_ALIAS "Bio_12 "Bio_12" true true false 20 Text 0 0,First,#,cernovice_fce_revid,cernovice_fce_revid.Bio_12,0,19;Bio_23 "Bio_23" true true false 20 Text 0 0,First,#,cernovice_fce_revid,cernovice_fce_revid.Bio_23,0,19;Bio_34 "Bio_34" true true false 20 Text 0 0,First,#,cernovice_fce_revid,cernovice_fce_revid.Bio_34,0,19;Proc_12 "Proc_12" true true false 8 Double 0 0,First,#,cernovice_fce_revid,cernovice_fce_revid.Proc_12,-1,-1;Proc_23 "Proc_23" true true false 8 Double 0 0,First,#,cernovice_fce_revid,cernovice_fce_revid.Proc_23,-1,-1;Proc_34 "Proc_34" true true false 8 Double 0 0,First,#,cernovice_fce_revid,cernovice_fce_revid.Proc_34,-1,-1;Shape_Length "Shape_Length" false true true 8 Double 0 0,First,#,cernovice_fce_revid,cernovice_fce_revid.Shape_Length,-1,-1;Shape_Area "Shape_Area" false true true 8 Double 0 0,First,#,cernovice_fce_revid,cernovice_fce_revid.Shape_Area,-1,-1;OID "OID" false true false 4 Long 0 9,First,#,cernovice_fce_revid,fce.OID,-1,-1;OBJECTID__ "OBJECTID__" true true false 4 Short 0 4,First,#,cernovice_fce_revid,fce.OBJECTID__,-1,-1;PROC_12 "PROC_12" true true false 3 Short 0 3,First,#,cernovice_fce_revid,fce.PROC_12,-1,-1;PROC_23 "PROC_23" true true false 2 Short 0 2,First,#,cernovice_fce_revid,fce.PROC_23,-1,-1;PROC_34 "PROC_34" true true false 2 Short 0 2,First,#,cernovice_fce_revid,fce.PROC_34,-1,-1;SHAPE_AREA "SHAPE_AREA" true true false 14 Double 6 13,First,#,cernovice_fce_revid,fce.SHAPE_AREA,-1,-1;EVAP_M "EVAP_M" true true false 5 Float 1 4,First,#,cernovice_fce_revid,fce.EVAP_M,-1,-1;EVAP_K "EVAP_K" true true false 1 Short 0 1,First,#,cernovice_fce_revid,fce.EVAP_K,-1,-1;C_ABOVE "C_ABOVE" true true false 6 Float 2 5,First,#,cernovice_fce_revid,fce.C_ABOVE,-1,-1;C_BELOW "C_BELOW" true true false 5 Float 2 4,First,#,cernovice_fce_revid,fce.C_BELOW,-1,-1;C_DEAD "C_DEAD" true true false 5 Float 2 4,First,#,cernovice_fce_revid,fce.C_DEAD,-1,-1;C_TOTAL_M "C_TOTAL_M" true true false 6 Float 2 5,First,#,cernovice_fce_revid,fce.C_TOTAL_M,-1,-1;CTOT_KAT "CTOT_KAT" true true false 1 Short 0 1,First,#,cernovice_fce_revid,fce.CTOT_KAT,-1,-1;HB_M "HB_M" true true false 5 Float 2 4,First,#,cernovice_fce_revid,fce.HB_M,-1,-1;HB_KAT "HB_KAT" true true false 1 Short 0 1,First,#,cernovice_fce_revid,fce.HB_KAT,-1,-1;DDZ "DDZ" true true false 1 Short 0 1,First,#,cernovice_fce_revid,fce.DDZ,-1,-1" #</Process><Process ToolSource="c:\program files\arcgis\pro\Resources\ArcToolbox\toolboxes\Conversion Tools.tbx\ExportFeatures" Date="20241108" Time="131345">ExportFeatures cernovice_fce_revid_data C:\temp\cern_efs_revid.shp # NOT_USE_ALIAS "Bio_12 "Bio_12" true true false 20 Text 0 0,First,#,cernovice_fce_revid_data,Bio_12,0,19;Bio_23 "Bio_23" true true false 20 Text 0 0,First,#,cernovice_fce_revid_data,Bio_23,0,19;Bio_34 "Bio_34" true true false 20 Text 0 0,First,#,cernovice_fce_revid_data,Bio_34,0,19;Proc_12 "Proc_12" true true false 8 Double 0 0,First,#,cernovice_fce_revid_data,Proc_12,-1,-1;Proc_23 "Proc_23" true true false 8 Double 0 0,First,#,cernovice_fce_revid_data,Proc_23,-1,-1;Proc_34 "Proc_34" true true false 8 Double 0 0,First,#,cernovice_fce_revid_data,Proc_34,-1,-1;OID "OID" true true false 4 Long 0 0,First,#,cernovice_fce_revid_data,OID,-1,-1;OBJECTID__ "OBJECTID__" true true false 2 Short 0 0,First,#,cernovice_fce_revid_data,OBJECTID__,-1,-1;PROC_12_13 "PROC_12" true true false 2 Short 0 0,First,#,cernovice_fce_revid_data,PROC_12_13,-1,-1;PROC_23_24 "PROC_23" true true false 2 Short 0 0,First,#,cernovice_fce_revid_data,PROC_23_24,-1,-1;PROC_34_35 "PROC_34" true true false 2 Short 0 0,First,#,cernovice_fce_revid_data,PROC_34_35,-1,-1;SHAPE_AREA_1 "SHAPE_AREA" true true false 8 Double 0 0,First,#,cernovice_fce_revid_data,SHAPE_AREA_1,-1,-1;EVAP_M "EVAP_M" true true false 4 Float 0 0,First,#,cernovice_fce_revid_data,EVAP_M,-1,-1;EVAP_K "EVAP_K" true true false 2 Short 0 0,First,#,cernovice_fce_revid_data,EVAP_K,-1,-1;C_ABOVE "C_ABOVE" true true false 4 Float 0 0,First,#,cernovice_fce_revid_data,C_ABOVE,-1,-1;C_BELOW "C_BELOW" true true false 4 Float 0 0,First,#,cernovice_fce_revid_data,C_BELOW,-1,-1;C_DEAD "C_DEAD" true true false 4 Float 0 0,First,#,cernovice_fce_revid_data,C_DEAD,-1,-1;C_TOTAL_M "C_TOTAL_M" true true false 4 Float 0 0,First,#,cernovice_fce_revid_data,C_TOTAL_M,-1,-1;CTOT_KAT "CTOT_KAT" true true false 2 Short 0 0,First,#,cernovice_fce_revid_data,CTOT_KAT,-1,-1;HB_M "HB_M" true true false 4 Float 0 0,First,#,cernovice_fce_revid_data,HB_M,-1,-1;HB_KAT "HB_KAT" true true false 2 Short 0 0,First,#,cernovice_fce_revid_data,HB_KAT,-1,-1;DDZ "DDZ" true true false 2 Short 0 0,First,#,cernovice_fce_revid_data,DDZ,-1,-1;Shape_Length "Shape_Length" false true true 8 Double 0 0,First,#,cernovice_fce_revid_data,Shape_Length,-1,-1;Shape_Area "Shape_Area" false true true 8 Double 0 0,First,#,cernovice_fce_revid_data,Shape_Area,-1,-1" #</Process></lineage></DataProperties><SyncDate>20241108</SyncDate><SyncTime>13134500</SyncTime><ModDate>20241108</ModDate><ModTime>13134500</ModTime></Esri><dataIdInfo><envirDesc Sync="TRUE">Microsoft Windows 10 Version 10.0 (Build 19045) ; Esri ArcGIS 13.3.2.52636</envirDesc><dataLang><languageCode value="ces" Sync="TRUE"></languageCode><countryCode value="CZE" Sync="TRUE"></countryCode></dataLang><idCitation><resTitle Sync="TRUE">cern_efs_revid</resTitle><presForm><PresFormCd value="005" Sync="TRUE"></PresFormCd></presForm></idCitation><spatRpType><SpatRepTypCd value="001" Sync="TRUE"></SpatRepTypCd></spatRpType></dataIdInfo><mdLang><languageCode value="ces" Sync="TRUE"></languageCode><countryCode value="CZE" Sync="TRUE"></countryCode></mdLang><mdChar><CharSetCd value="004" Sync="TRUE"></CharSetCd></mdChar><distInfo><distFormat><formatName Sync="TRUE">Shapefile</formatName></distFormat><distTranOps><transSize Sync="TRUE">0.000</transSize></distTranOps></distInfo><mdHrLv><ScopeCd value="005" Sync="TRUE"></ScopeCd></mdHrLv><mdHrLvName Sync="TRUE">dataset</mdHrLvName><refSysInfo><RefSystem><refSysID><identCode code="5514" Sync="TRUE"></identCode><idCodeSpace Sync="TRUE">EPSG</idCodeSpace><idVersion Sync="TRUE">7.7(10.1.0)</idVersion></refSysID></RefSystem></refSysInfo><spatRepInfo><VectSpatRep><geometObjs Name="cern_efs_revid"><geoObjTyp><GeoObjTypCd value="002" Sync="TRUE"></GeoObjTypCd></geoObjTyp><geoObjCnt Sync="TRUE">0</geoObjCnt></geometObjs><topLvl><TopoLevCd value="001" Sync="TRUE"></TopoLevCd></topLvl></VectSpatRep></spatRepInfo><spdoinfo><ptvctinf><esriterm Name="cern_efs_revid"><efeatyp Sync="TRUE">Simple</efeatyp><efeageom code="4" Sync="TRUE"></efeageom><esritopo Sync="TRUE">FALSE</esritopo><efeacnt Sync="TRUE">0</efeacnt><spindex Sync="TRUE">FALSE</spindex><linrefer Sync="TRUE">FALSE</linrefer></esriterm></ptvctinf></spdoinfo><eainfo><detailed Name="cern_efs_revid"><enttyp><enttypl Sync="TRUE">cern_efs_revid</enttypl><enttypt Sync="TRUE">Feature Class</enttypt><enttypc Sync="TRUE">0</enttypc></enttyp><attr><attrlabl Sync="TRUE">FID</attrlabl><attalias Sync="TRUE">FID</attalias><attrtype Sync="TRUE">OID</attrtype><attwidth Sync="TRUE">4</attwidth><atprecis Sync="TRUE">0</atprecis><attscale Sync="TRUE">0</attscale><attrdef Sync="TRUE">Internal feature number.</attrdef><attrdefs Sync="TRUE">Esri</attrdefs><attrdomv><udom Sync="TRUE">Sequential unique whole numbers that are automatically generated.</udom></attrdomv></attr><attr><attrlabl Sync="TRUE">Shape</attrlabl><attalias Sync="TRUE">Shape</attalias><attrtype Sync="TRUE">Geometry</attrtype><attwidth Sync="TRUE">0</attwidth><atprecis Sync="TRUE">0</atprecis><attscale Sync="TRUE">0</attscale><attrdef Sync="TRUE">Feature geometry.</attrdef><attrdefs Sync="TRUE">Esri</attrdefs><attrdomv><udom Sync="TRUE">Coordinates defining the features.</udom></attrdomv></attr><attr><attrlabl Sync="TRUE">Bio_12</attrlabl><attalias Sync="TRUE">Bio_12</attalias><attrtype Sync="TRUE">String</attrtype><attwidth Sync="TRUE">20</attwidth><atprecis Sync="TRUE">0</atprecis><attscale Sync="TRUE">0</attscale></attr><attr><attrlabl Sync="TRUE">Bio_23</attrlabl><attalias Sync="TRUE">Bio_23</attalias><attrtype Sync="TRUE">String</attrtype><attwidth Sync="TRUE">20</attwidth><atprecis Sync="TRUE">0</atprecis><attscale Sync="TRUE">0</attscale></attr><attr><attrlabl Sync="TRUE">Bio_34</attrlabl><attalias Sync="TRUE">Bio_34</attalias><attrtype Sync="TRUE">String</attrtype><attwidth Sync="TRUE">20</attwidth><atprecis Sync="TRUE">0</atprecis><attscale Sync="TRUE">0</attscale></attr><attr><attrlabl Sync="TRUE">Proc_12</attrlabl><attalias Sync="TRUE">Proc_12</attalias><attrtype Sync="TRUE">Double</attrtype><attwidth Sync="TRUE">19</attwidth><atprecis Sync="TRUE">0</atprecis><attscale Sync="TRUE">0</attscale></attr><attr><attrlabl Sync="TRUE">Proc_23</attrlabl><attalias Sync="TRUE">Proc_23</attalias><attrtype Sync="TRUE">Double</attrtype><attwidth Sync="TRUE">19</attwidth><atprecis Sync="TRUE">0</atprecis><attscale Sync="TRUE">0</attscale></attr><attr><attrlabl Sync="TRUE">Proc_34</attrlabl><attalias Sync="TRUE">Proc_34</attalias><attrtype Sync="TRUE">Double</attrtype><attwidth Sync="TRUE">19</attwidth><atprecis Sync="TRUE">0</atprecis><attscale Sync="TRUE">0</attscale></attr><attr><attrlabl Sync="TRUE">OID_</attrlabl><attalias Sync="TRUE">OID_</attalias><attrtype Sync="TRUE">Integer</attrtype><attwidth Sync="TRUE">10</attwidth><atprecis Sync="TRUE">10</atprecis><attscale Sync="TRUE">0</attscale></attr><attr><attrlabl Sync="TRUE">OBJECTID__</attrlabl><attalias Sync="TRUE">OBJECTID__</attalias><attrtype Sync="TRUE">Integer</attrtype><attwidth Sync="TRUE">5</attwidth><atprecis Sync="TRUE">5</atprecis><attscale Sync="TRUE">0</attscale></attr><attr><attrlabl Sync="TRUE">PROC_12_13</attrlabl><attalias Sync="TRUE">PROC_12_13</attalias><attrtype Sync="TRUE">Integer</attrtype><attwidth Sync="TRUE">5</attwidth><atprecis Sync="TRUE">5</atprecis><attscale Sync="TRUE">0</attscale></attr><attr><attrlabl Sync="TRUE">PROC_23_24</attrlabl><attalias Sync="TRUE">PROC_23_24</attalias><attrtype Sync="TRUE">Integer</attrtype><attwidth Sync="TRUE">5</attwidth><atprecis Sync="TRUE">5</atprecis><attscale Sync="TRUE">0</attscale></attr><attr><attrlabl Sync="TRUE">PROC_34_35</attrlabl><attalias Sync="TRUE">PROC_34_35</attalias><attrtype Sync="TRUE">Integer</attrtype><attwidth Sync="TRUE">5</attwidth><atprecis Sync="TRUE">5</atprecis><attscale Sync="TRUE">0</attscale></attr><attr><attrlabl Sync="TRUE">EVAP_M</attrlabl><attalias Sync="TRUE">EVAP_M</attalias><attrtype Sync="TRUE">Single</attrtype><attwidth Sync="TRUE">13</attwidth><atprecis Sync="TRUE">0</atprecis><attscale Sync="TRUE">0</attscale></attr><attr><attrlabl Sync="TRUE">EVAP_K</attrlabl><attalias Sync="TRUE">EVAP_K</attalias><attrtype Sync="TRUE">Integer</attrtype><attwidth Sync="TRUE">5</attwidth><atprecis Sync="TRUE">5</atprecis><attscale Sync="TRUE">0</attscale></attr><attr><attrlabl Sync="TRUE">C_ABOVE</attrlabl><attalias Sync="TRUE">C_ABOVE</attalias><attrtype Sync="TRUE">Single</attrtype><attwidth Sync="TRUE">13</attwidth><atprecis Sync="TRUE">0</atprecis><attscale Sync="TRUE">0</attscale></attr><attr><attrlabl Sync="TRUE">C_BELOW</attrlabl><attalias Sync="TRUE">C_BELOW</attalias><attrtype Sync="TRUE">Single</attrtype><attwidth Sync="TRUE">13</attwidth><atprecis Sync="TRUE">0</atprecis><attscale Sync="TRUE">0</attscale></attr><attr><attrlabl Sync="TRUE">C_DEAD</attrlabl><attalias Sync="TRUE">C_DEAD</attalias><attrtype Sync="TRUE">Single</attrtype><attwidth Sync="TRUE">13</attwidth><atprecis Sync="TRUE">0</atprecis><attscale Sync="TRUE">0</attscale></attr><attr><attrlabl Sync="TRUE">C_TOTAL_M</attrlabl><attalias Sync="TRUE">C_TOTAL_M</attalias><attrtype Sync="TRUE">Single</attrtype><attwidth Sync="TRUE">13</attwidth><atprecis Sync="TRUE">0</atprecis><attscale Sync="TRUE">0</attscale></attr><attr><attrlabl Sync="TRUE">CTOT_KAT</attrlabl><attalias Sync="TRUE">CTOT_KAT</attalias><attrtype Sync="TRUE">Integer</attrtype><attwidth Sync="TRUE">5</attwidth><atprecis Sync="TRUE">5</atprecis><attscale Sync="TRUE">0</attscale></attr><attr><attrlabl Sync="TRUE">HB_M</attrlabl><attalias Sync="TRUE">HB_M</attalias><attrtype Sync="TRUE">Single</attrtype><attwidth Sync="TRUE">13</attwidth><atprecis Sync="TRUE">0</atprecis><attscale Sync="TRUE">0</attscale></attr><attr><attrlabl Sync="TRUE">HB_KAT</attrlabl><attalias Sync="TRUE">HB_KAT</attalias><attrtype Sync="TRUE">Integer</attrtype><attwidth Sync="TRUE">5</attwidth><atprecis Sync="TRUE">5</atprecis><attscale Sync="TRUE">0</attscale></attr><attr><attrlabl Sync="TRUE">DDZ</attrlabl><attalias Sync="TRUE">DDZ</attalias><attrtype Sync="TRUE">Integer</attrtype><attwidth Sync="TRUE">5</attwidth><atprecis Sync="TRUE">5</atprecis><attscale Sync="TRUE">0</attscale></attr><attr><attrlabl Sync="TRUE">Shape_Area</attrlabl><attalias Sync="TRUE">SHAPE_AREA</attalias><attrtype Sync="TRUE">Double</attrtype><attwidth Sync="TRUE">19</attwidth><atprecis Sync="TRUE">0</atprecis><attscale Sync="TRUE">0</attscale><attrdef Sync="TRUE">Area of feature in internal units squared.</attrdef><attrdefs Sync="TRUE">Esri</attrdefs><attrdomv><udom Sync="TRUE">Positive real numbers that are automatically generated.</udom></attrdomv></attr><attr><attrlabl Sync="TRUE">Shape_Leng</attrlabl><attalias Sync="TRUE">Shape_Leng</attalias><attrtype Sync="TRUE">Double</attrtype><attwidth Sync="TRUE">19</attwidth><atprecis Sync="TRUE">0</atprecis><attscale Sync="TRUE">0</attscale></attr><attr><attrlabl Sync="TRUE">Shape_Ar_1</attrlabl><attalias Sync="TRUE">Shape_Ar_1</attalias><attrtype Sync="TRUE">Double</attrtype><attwidth Sync="TRUE">19</attwidth><atprecis Sync="TRUE">0</atprecis><attscale Sync="TRUE">0</attscale></attr></detailed></eainfo><mdDateSt Sync="TRUE">20241108</mdDateSt></metadata>
